{
    "name": "Naive Bayes Classifier",
    "top_2": {
        "train": 0.8589551059121088,
        "test": 0.8545761104378523
    },
    "top_5": {
        "train": 0.983704816102856,
        "test": 0.9840876758522578
    },
    "accuracy": {
        "train": 0.7256165033196332,
        "test": 0.7213235681542758
    },
    "f1_unweighted": {
        "train": 0.7235379678184088,
        "test": 0.7196382342228006
    },
    "f1_weighted": {
        "train": 0.7170927470066033,
        "test": 0.7131444289866046
    },
    "recall_unweighted": {
        "train": 0.7246409987694643,
        "test": 0.7202995274606679
    },
    "recall_weighted": {
        "train": 0.7256165033196332,
        "test": 0.7213235681542758
    },
    "precision_unweighted": {
        "train": 0.7507637297397083,
        "test": 0.7480845282810523
    },
    "precision_weighted": {
        "train": 0.7378392759659949,
        "test": 0.7349054869896591
    }
}